start_height,end_height,start_timestamp,end_timestamp,n,bit9_ones,bit9_pct,bit8_ones,bit8_pct,bit7_ones,bit7_pct,bit6_ones,bit6_pct,bit5_ones,bit5_pct,l9_000,l9_001,l9_010,l9_011,l9_100,l9_101,l9_110,l9_111,l9_entropy,l9_chi2,bit7_delta_prev_pp
700000,700999,1631333672,1631917257,1000,509,50.900000,469,46.900000,397,39.700000,438,43.800000,484,48.400000,145,166,158,134,140,111,73,73,2.943593442,72.640000000,0.000000
701000,701999,1631917848,1632494649,1000,499,49.900000,522,52.200000,386,38.600000,456,45.600000,474,47.400000,139,170,147,158,155,80,85,66,2.927024052,94.400000000,-1.100000
702000,702999,1632494957,1633071452,1000,503,50.300000,497,49.700000,378,37.800000,437,43.700000,449,44.900000,169,163,158,132,143,88,81,66,2.928586143,93.024000000,-0.800000
703000,703999,1633072128,1633637270,1000,478,47.800000,506,50.600000,392,39.200000,439,43.900000,480,48.000000,160,161,139,148,147,93,74,78,2.941211739,76.512000000,1.400000
704000,704999,1633637512,1634231697,1000,491,49.100000,486,48.600000,384,38.400000,452,45.200000,465,46.500000,177,146,141,152,136,89,81,78,2.941917549,77.536000000,-0.800000
705000,705999,1634232011,1634818738,1000,487,48.700000,485,48.500000,380,38.000000,443,44.300000,461,46.100000,150,160,176,134,141,106,72,61,2.924391183,96.432000000,-0.400000
706000,706999,1634819148,1635372679,1000,463,46.300000,493,49.300000,376,37.600000,447,44.700000,458,45.800000,164,155,165,140,137,97,76,66,2.931409241,88.448000000,-0.400000
707000,707999,1635372705,1635930138,1000,489,48.900000,485,48.500000,373,37.300000,438,43.800000,476,47.600000,170,180,153,124,118,94,83,78,2.937280708,86.544000000,-0.300000
708000,708999,1635930203,1636507097,1000,497,49.700000,462,46.200000,366,36.600000,467,46.700000,469,46.900000,152,163,162,157,140,78,77,71,2.924409851,97.760000000,-0.700000
709000,709999,1636507561,1637074612,1000,510,51.000000,476,47.600000,360,36.000000,427,42.700000,485,48.500000,165,186,147,142,124,98,79,59,2.918805129,106.368000000,-0.600000
710000,710999,1637076118,1637685350,1000,500,50.000000,467,46.700000,390,39.000000,471,47.100000,463,46.300000,156,151,154,149,135,87,92,76,2.950604805,64.704000000,3.000000
711000,711999,1637686066,1638311579,1000,500,50.000000,471,47.100000,360,36.000000,449,44.900000,465,46.500000,154,158,165,163,143,96,73,48,2.903462551,118.176000000,-3.000000
712000,712999,1638311704,1638859737,1000,478,47.800000,500,50.000000,341,34.100000,466,46.600000,489,48.900000,172,169,141,177,124,69,74,74,2.906467571,123.552000000,-1.900000
713000,713999,1638860274,1639418466,1000,516,51.600000,506,50.600000,350,35.000000,437,43.700000,460,46.000000,184,163,160,143,128,88,68,66,2.910928632,116.656000000,0.900000
714000,714999,1639418644,1640034657,1000,474,47.400000,488,48.800000,349,34.900000,431,43.100000,473,47.300000,187,164,146,154,128,90,66,65,2.908426281,119.696000000,-0.100000
715000,715999,1640035455,1640618428,1000,473,47.300000,467,46.700000,355,35.500000,454,45.400000,468,46.800000,175,179,139,152,129,63,89,74,2.914144749,112.784000000,0.600000
716000,716999,1640618594,1641209303,1000,504,50.400000,467,46.700000,339,33.900000,453,45.300000,483,48.300000,172,173,155,161,119,83,71,66,2.909025519,119.248000000,-1.600000
717000,717999,1641209467,1641807679,1000,505,50.500000,483,48.300000,344,34.400000,448,44.800000,496,49.600000,169,175,155,157,117,91,63,73,2.913551163,113.024000000,0.500000
718000,718999,1641808029,1642350589,1000,467,46.700000,481,48.100000,346,34.600000,441,44.100000,462,46.200000,155,183,165,151,150,71,68,57,2.886792597,143.632000000,0.200000
719000,719999,1642350642,1642918512,1000,488,48.800000,467,46.700000,354,35.400000,467,46.700000,460,46.000000,169,163,162,152,126,75,83,70,2.921975532,102.144000000,0.800000
720000,720999,1642919046,1643514928,1000,466,46.600000,458,45.800000,336,33.600000,452,45.200000,490,49.000000,152,181,161,170,135,80,62,59,2.889392656,141.088000000,-1.800000
721000,721999,1643516666,1644123831,1000,511,51.100000,481,48.100000,351,35.100000,459,45.900000,466,46.600000,175,162,163,149,127,77,69,78,2.917412761,108.336000000,1.500000
722000,722999,1644123866,1644700945,1000,499,49.900000,424,42.400000,327,32.700000,459,45.900000,486,48.600000,167,181,168,157,112,81,67,67,2.899261225,132.848000000,-2.400000
723000,723999,1644701618,1645258137,1000,475,47.500000,461,46.100000,318,31.800000,477,47.700000,492,49.200000,154,179,181,168,111,79,62,66,2.887445677,148.032000000,-0.900000
724000,724999,1645258720,1645876861,1000,471,47.100000,469,46.900000,332,33.200000,444,44.400000,490,49.000000,189,166,135,178,116,85,70,61,2.895064451,139.904000000,1.400000
725000,725999,1645877752,1646476918,1000,504,50.400000,491,49.100000,320,32.000000,464,46.400000,487,48.700000,167,188,174,151,106,75,66,73,2.893263505,142.848000000,-1.200000
726000,726999,1646477238,1647093289,1000,446,44.600000,457,45.700000,315,31.500000,460,46.000000,473,47.300000,176,169,173,167,116,79,62,58,2.880458851,154.080000000,-0.500000
727000,727999,1647093399,1647666379,1000,479,47.900000,481,48.100000,328,32.800000,462,46.200000,459,45.900000,180,172,160,160,116,70,85,57,2.895067632,136.112000000,1.300000
728000,728999,1647667311,1648240347,1000,483,48.300000,472,47.200000,310,31.000000,445,44.500000,482,48.200000,172,197,158,163,109,77,79,45,2.869675768,168.016000000,-1.800000
729000,729999,1648242005,1648828946,1000,464,46.400000,499,49.900000,333,33.300000,480,48.000000,483,48.300000,160,170,179,158,94,96,84,59,2.908760592,120.752000000,2.300000
730000,730999,1648829449,1649438408,1000,457,45.700000,460,46.000000,315,31.500000,460,46.000000,478,47.800000,172,174,162,177,128,66,60,61,2.871454271,163.952000000,-1.800000
731000,731999,1649439063,1650036314,1000,453,45.300000,438,43.800000,328,32.800000,439,43.900000,492,49.200000,173,186,147,166,134,68,54,72,2.878899732,154.960000000,1.300000
732000,732999,1650036614,1650618124,1000,460,46.000000,455,45.500000,297,29.700000,448,44.800000,469,46.900000,185,185,172,161,111,71,63,52,2.857774282,183.920000000,-3.100000
733000,733999,1650619353,1651179323,1000,478,47.800000,464,46.400000,322,32.200000,452,45.200000,496,49.600000,177,180,150,171,114,77,63,68,2.890700828,143.904000000,2.500000
734000,734999,1651179941,1651745578,1000,480,48.000000,459,45.900000,306,30.600000,469,46.900000,458,45.800000,172,178,185,159,112,69,73,52,2.869540239,168.896000000,-1.600000
735000,735999,1651746213,1652318604,1000,463,46.300000,445,44.500000,296,29.600000,473,47.300000,484,48.400000,170,192,177,165,98,67,71,60,2.866950656,176.416000000,-1.000000
736000,736999,1652319653,1652936402,1000,486,48.600000,435,43.500000,341,34.100000,494,49.400000,469,46.900000,151,153,174,181,125,77,81,58,2.903304208,125.808000000,4.500000
737000,737999,1652936765,1653572926,1000,472,47.200000,455,45.500000,299,29.900000,463,46.300000,515,51.500000,168,187,162,184,101,81,54,63,2.865874823,175.520000000,-4.200000
738000,738999,1653573039,1654179937,1000,468,46.800000,452,45.200000,287,28.700000,476,47.600000,462,46.200000,178,182,183,170,109,55,68,55,2.846086447,198.016000000,-1.200000
739000,739999,1654182075,1654751867,1000,462,46.200000,428,42.800000,288,28.800000,458,45.800000,465,46.500000,186,180,182,164,108,68,59,53,2.847778988,196.752000000,0.100000
740000,740999,1654751887,1655345057,1000,489,48.900000,463,46.300000,302,30.200000,466,46.600000,486,48.600000,184,176,162,176,105,69,63,65,2.872166745,168.256000000,1.400000
741000,741999,1655345097,1655992914,1000,466,46.600000,469,46.900000,270,27.000000,455,45.500000,484,48.400000,181,204,180,165,92,68,63,47,2.827411202,226.144000000,-3.200000
742000,742999,1655993147,1656590788,1000,482,48.200000,443,44.300000,258,25.800000,484,48.400000,488,48.800000,172,193,173,204,103,48,64,43,2.797639947,257.888000000,-1.200000
743000,743999,1656590888,1657204084,1000,443,44.300000,456,45.600000,266,26.600000,440,44.000000,472,47.200000,203,196,173,162,104,57,48,57,2.812118188,243.328000000,0.800000
744000,744999,1657205245,1657842315,1000,473,47.300000,463,46.300000,282,28.200000,487,48.700000,479,47.900000,175,183,195,165,98,57,53,74,2.843781064,204.016000000,1.600000
745000,745999,1657842675,1658475575,1000,471,47.100000,450,45.000000,277,27.700000,469,46.900000,478,47.800000,174,192,180,177,107,58,61,51,2.831931041,216.032000000,-0.500000
746000,746999,1658477835,1659051577,1000,428,42.800000,474,47.400000,263,26.300000,466,46.600000,492,49.200000,169,210,180,178,93,62,66,42,2.813120709,242.864000000,-1.400000
747000,747999,1659051784,1659658952,1000,442,44.200000,419,41.900000,275,27.500000,432,43.200000,500,50.000000,170,223,167,165,114,61,49,51,2.812926452,243.696000000,1.200000
748000,748999,1659659365,1660231914,1000,469,46.900000,472,47.200000,266,26.600000,498,49.800000,495,49.500000,172,186,176,200,91,53,66,56,2.824621021,229.904000000,-0.900000
749000,749999,1660232763,1660844712,1000,456,45.600000,459,45.900000,267,26.700000,494,49.400000,498,49.800000,161,190,185,197,102,53,54,58,2.817690331,236.384000000,0.100000
750000,750999,1660845772,1661403657,1000,454,45.400000,467,46.700000,232,23.200000,470,47.000000,509,50.900000,193,197,169,209,77,63,52,40,2.768897997,300.016000000,-3.500000
751000,751999,1661403727,1661942477,1000,463,46.300000,456,45.600000,251,25.100000,463,46.300000,459,45.900000,211,178,169,191,98,50,63,40,2.788034141,271.360000000,1.900000
752000,752999,1661942712,1662537745,1000,461,46.100000,458,45.800000,285,28.500000,462,46.200000,489,48.900000,164,194,173,184,112,68,62,43,2.835375801,209.424000000,3.400000
753000,753999,1662537777,1663110511,1000,465,46.500000,432,43.200000,244,24.400000,459,45.900000,462,46.200000,209,178,177,192,103,51,49,41,2.773403032,286.800000000,-4.100000
754000,754999,1663110516,1663712532,1000,463,46.300000,450,45.000000,239,23.900000,454,45.400000,473,47.300000,190,205,197,169,99,52,41,47,2.767470987,295.120000000,-0.500000
755000,755999,1663712636,1664333361,1000,456,45.600000,451,45.100000,235,23.500000,481,48.100000,491,49.100000,191,191,176,207,91,46,51,47,2.769142177,295.952000000,-0.400000
756000,756999,1664333794,1664872878,1000,461,46.100000,447,44.700000,245,24.500000,464,46.400000,484,48.400000,203,189,177,186,93,51,43,58,2.785879810,274.544000000,1.000000
757000,757999,1664873467,1665391599,1000,443,44.300000,454,45.400000,251,25.100000,458,45.800000,484,48.400000,200,196,165,188,94,52,57,48,2.795716900,264.624000000,0.600000
758000,758999,1665392084,1665965255,1000,463,46.300000,451,45.100000,233,23.300000,466,46.600000,489,48.900000,200,191,184,192,87,56,40,50,2.768258047,296.048000000,-1.800000
759000,759999,1665965730,1666547446,1000,463,46.300000,456,45.600000,233,23.300000,481,48.100000,504,50.400000,181,203,178,205,82,53,55,43,2.771071800,296.688000000,0.000000
760000,760999,1666548007,1667163674,1000,445,44.500000,464,46.400000,254,25.400000,500,50.000000,492,49.200000,166,191,195,194,88,55,59,52,2.806522758,253.216000000,2.100000
761000,761999,1667164232,1667749880,1000,451,45.100000,421,42.100000,234,23.400000,512,51.200000,487,48.700000,177,176,209,204,77,58,50,49,2.775526256,294.368000000,-2.000000
762000,762999,1667750692,1668340454,1000,449,44.900000,408,40.800000,230,23.000000,473,47.300000,488,48.800000,198,188,178,206,91,50,45,44,2.759058808,307.280000000,-0.400000
763000,763999,1668340811,1668942003,1000,466,46.600000,439,43.900000,236,23.600000,454,45.400000,462,46.200000,191,198,214,161,97,60,36,43,2.756879549,308.448000000,0.600000
764000,764999,1668942501,1669619199,1000,448,44.800000,453,45.300000,231,23.100000,473,47.300000,482,48.200000,189,198,189,193,86,54,54,37,2.764363436,299.936000000,-0.500000
765000,765999,1669620394,1670248991,1000,448,44.800000,452,45.200000,233,23.300000,482,48.200000,463,46.300000,179,190,209,189,99,50,50,34,2.754141157,308.000000000,0.200000
766000,766999,1670249383,1670806225,1000,467,46.700000,436,43.600000,243,24.300000,473,47.300000,464,46.400000,205,185,192,175,76,61,63,43,2.791395061,272.432000000,1.000000
767000,767999,1670806255,1671407176,1000,436,43.600000,431,43.100000,203,20.300000,485,48.500000,494,49.400000,201,194,178,224,83,37,44,39,2.705788025,372.896000000,-4.000000
768000,768999,1671407311,1672066902,1000,459,45.900000,442,44.200000,236,23.600000,500,50.000000,455,45.500000,202,168,196,198,87,43,60,46,2.771457744,294.256000000,3.300000
769000,769999,1672067435,1672651440,1000,450,45.000000,437,43.700000,216,21.600000,463,46.300000,486,48.600000,195,207,199,183,78,57,42,39,2.739397581,332.656000000,-2.000000
770000,770999,1672651665,1673198293,1000,464,46.400000,469,46.900000,237,23.700000,474,47.400000,487,48.700000,179,201,194,189,88,58,52,39,2.773926529,289.056000000,2.100000
771000,771999,1673198908,1673745787,1000,415,41.500000,426,42.600000,207,20.700000,478,47.800000,492,49.200000,186,209,189,209,82,45,51,29,2.713933015,358.960000000,-3.000000
772000,772999,1673745987,1674336157,1000,477,47.700000,434,43.400000,211,21.100000,463,46.300000,503,50.300000,189,228,185,187,74,46,49,42,2.730865196,349.248000000,0.400000
773000,773999,1674336815,1674897939,1000,449,44.900000,449,44.900000,221,22.100000,470,47.000000,459,45.900000,186,204,219,170,87,53,49,32,2.736814500,335.008000000,1.000000
774000,774999,1674898415,1675515705,1000,448,44.800000,465,46.500000,242,24.200000,472,47.200000,448,44.800000,195,185,205,173,93,55,59,35,2.775847800,284.672000000,2.100000
775000,775999,1675516462,1676102678,1000,446,44.600000,432,43.200000,234,23.400000,476,47.600000,483,48.300000,201,186,181,198,84,53,51,46,2.773642650,292.352000000,-0.800000
776000,776999,1676102763,1676637943,1000,450,45.000000,455,45.500000,224,22.400000,481,48.100000,488,48.800000,191,192,192,201,82,54,47,41,2.755199891,313.120000000,-1.000000
777000,777999,1676638336,1677178077,1000,444,44.400000,444,44.400000,247,24.700000,466,46.600000,483,48.300000,181,195,189,188,96,62,51,38,2.785324736,271.648000000,2.300000
778000,778999,1677179083,1677777606,1000,431,43.100000,438,43.800000,256,25.600000,464,46.400000,495,49.500000,180,193,164,207,111,52,50,43,2.786590970,270.144000000,0.900000
779000,779999,1677777962,1678360584,1000,441,44.100000,407,40.700000,247,24.700000,496,49.600000,464,46.400000,183,181,205,184,86,54,62,45,2.794594034,266.496000000,-0.900000
780000,780999,1678361724,1678932442,1000,447,44.700000,437,43.700000,245,24.500000,488,48.800000,485,48.500000,184,182,194,195,84,62,53,46,2.793439289,267.728000000,-0.200000
781000,781999,1678932810,1679507429,1000,430,43.000000,437,43.700000,230,23.000000,469,46.900000,447,44.700000,209,180,212,169,79,63,53,35,2.759672904,310.640000000,-1.500000
782000,782999,1679508237,1680078371,1000,444,44.400000,438,43.800000,249,24.900000,468,46.800000,483,48.300000,171,200,196,184,87,74,63,25,2.779041064,273.216000000,1.900000
783000,783999,1680080982,1680664832,1000,433,43.300000,421,42.100000,233,23.300000,478,47.800000,469,46.900000,208,178,184,197,83,53,56,41,2.769953100,297.024000000,-1.600000
784000,784999,1680665245,1681263914,1000,420,42.000000,455,45.500000,220,22.000000,485,48.500000,471,47.100000,196,191,200,193,85,43,48,44,2.745475998,323.680000000,-1.300000
785000,785999,1681264355,1681838199,1000,412,41.200000,428,42.800000,239,23.900000,487,48.700000,469,46.900000,195,180,202,184,76,62,58,43,2.785432252,279.344000000,1.900000
786000,786999,1681838341,1682459441,1000,432,43.200000,406,40.600000,275,27.500000,469,46.900000,472,47.200000,185,192,182,166,90,64,71,50,2.838399111,212.048000000,3.600000
787000,787999,1682460804,1683065677,1000,475,47.500000,446,44.600000,239,23.900000,465,46.500000,494,49.400000,186,217,184,174,73,59,63,44,2.784119801,284.256000000,-3.600000
788000,788999,1683065790,1683679124,1000,440,44.000000,425,42.500000,233,23.300000,485,48.500000,462,46.200000,194,177,201,195,89,55,54,35,2.763740319,299.824000000,-0.600000
789000,789999,1683679154,1684240004,1000,438,43.800000,420,42.000000,283,28.300000,472,47.200000,448,44.800000,184,175,195,163,101,68,72,42,2.839076075,206.784000000,5.000000
790000,790999,1684240076,1684822705,1000,435,43.500000,446,44.600000,241,24.100000,467,46.700000,484,48.400000,192,198,181,188,81,62,62,36,2.783158571,277.744000000,-4.200000
791000,791999,1684822749,1685390456,1000,443,44.300000,414,41.400000,229,22.900000,502,50.200000,477,47.700000,179,185,203,204,83,51,58,37,2.760703092,306.512000000,-1.200000
792000,792999,1685390485,1685994472,1000,476,47.600000,443,44.300000,251,25.100000,468,46.800000,466,46.600000,196,186,179,188,100,50,59,42,2.791020188,265.136000000,2.200000
793000,793999,1685994770,1686556203,1000,433,43.300000,427,42.700000,258,25.800000,487,48.700000,491,49.100000,178,176,179,209,95,64,57,42,2.804714341,252.128000000,0.700000
794000,794999,1686556208,1687148333,1000,453,45.300000,440,44.000000,264,26.400000,507,50.700000,447,44.700000,190,148,203,195,87,68,73,36,2.808561968,248.448000000,0.600000
795000,795999,1687149124,1687774447,1000,428,42.800000,419,41.900000,260,26.000000,461,46.100000,479,47.900000,187,196,180,177,84,72,70,34,2.808519340,243.280000000,-0.400000
796000,796999,1687774511,1688383885,1000,410,41.000000,425,42.500000,246,24.600000,468,46.800000,501,50.100000,185,198,178,193,75,74,61,36,2.791288116,267.840000000,-1.400000
797000,797999,1688387391,1688929322,1000,446,44.600000,428,42.800000,244,24.400000,489,48.900000,452,45.200000,187,194,194,181,89,41,78,36,2.775898152,279.872000000,-0.200000
798000,798999,1688929723,1689546455,1000,460,46.000000,435,43.500000,230,23.000000,493,49.300000,476,47.600000,186,190,201,193,73,58,64,35,2.766877586,298.880000000,-1.400000
799000,799999,1689546548,1690168304,1000,451,45.100000,427,42.700000,260,26.000000,485,48.500000,486,48.600000,167,184,184,205,95,69,68,28,2.795563566,254.560000000,3.000000
800000,800999,1690168629,1690770568,1000,420,42.000000,444,44.400000,240,24.000000,464,46.400000,469,46.900000,182,210,193,175,90,54,66,30,2.768900515,290.960000000,-2.000000
801000,801999,1690771677,1691356872,1000,432,43.200000,415,41.500000,246,24.600000,464,46.400000,449,44.900000,211,182,189,172,80,63,71,32,2.784677447,275.072000000,0.600000
802000,802999,1691357550,1691954465,1000,454,45.400000,436,43.600000,297,29.700000,482,48.200000,504,50.400000,149,195,174,185,97,77,76,47,2.859678749,184.400000000,5.100000
803000,803999,1691954926,1692502396,1000,455,45.500000,443,44.300000,247,24.700000,466,46.600000,458,45.800000,191,176,194,192,104,63,53,27,2.769563410,282.240000000,-5.000000
804000,804999,1692502494,1693106667,1000,446,44.600000,430,43.000000,248,24.800000,508,50.800000,497,49.700000,175,181,182,214,77,59,69,43,2.796821599,266.608000000,0.100000
805000,805999,1693107102,1693722981,1000,418,41.800000,442,44.200000,229,22.900000,476,47.600000,477,47.700000,182,210,189,190,88,44,64,33,2.752727738,311.280000000,-1.900000
806000,806999,1693723247,1694333122,1000,451,45.100000,411,41.100000,242,24.200000,464,46.400000,469,46.900000,200,196,188,174,80,60,63,39,2.786328040,276.208000000,1.300000
807000,807999,1694333394,1694882374,1000,424,42.400000,441,44.100000,277,27.700000,489,48.900000,474,47.400000,164,183,203,173,96,68,63,50,2.836653493,214.656000000,3.500000
808000,808999,1694882842,1695478480,1000,423,42.300000,419,41.900000,257,25.700000,487,48.700000,481,48.100000,180,192,185,186,74,67,80,36,2.807549746,245.968000000,-2.000000
809000,809999,1695478908,1696067082,1000,435,43.500000,437,43.700000,257,25.700000,464,46.400000,477,47.700000,174,199,188,182,95,68,66,28,2.792722783,257.072000000,0.000000
810000,810999,1696067464,1696653181,1000,438,43.800000,413,41.300000,265,26.500000,456,45.600000,465,46.500000,194,181,183,177,93,76,65,31,2.808771581,238.608000000,0.800000
811000,811999,1696655825,1697203910,1000,434,43.400000,421,42.100000,254,25.400000,475,47.500000,489,48.900000,187,192,184,183,77,69,63,45,2.810760975,246.896000000,-1.100000
812000,812999,1697204139,1697785269,1000,428,42.800000,457,45.700000,241,24.100000,470,47.000000,443,44.300000,208,172,203,176,86,64,60,31,2.773199839,288.688000000,-1.300000
813000,813999,1697785841,1698376913,1000,424,42.400000,432,43.200000,256,25.600000,476,47.600000,480,48.000000,178,191,207,168,74,81,61,40,2.805674200,252.768000000,1.500000
814000,814999,1698378262,1698948792,1000,419,41.900000,456,45.600000,243,24.300000,475,47.500000,467,46.700000,197,182,192,186,84,62,60,37,2.785947068,274.096000000,-1.300000
815000,815999,1698949602,1699540409,1000,434,43.400000,427,42.700000,275,27.500000,462,46.200000,475,47.500000,185,188,164,188,101,64,75,35,2.822149110,223.648000000,3.200000
816000,816999,1699541680,1700130559,1000,441,44.100000,410,41.000000,276,27.600000,470,47.000000,478,47.800000,185,192,169,178,92,61,76,47,2.836885894,212.032000000,0.100000
817000,817999,1700130856,1700682568,1000,447,44.700000,432,43.200000,272,27.200000,464,46.400000,455,45.500000,200,166,187,175,95,75,63,39,2.823528286,226.320000000,-0.400000
818000,818999,1700683675,1701264840,1000,403,40.300000,417,41.700000,266,26.600000,457,45.700000,470,47.000000,188,176,179,191,105,74,58,29,2.800630010,244.384000000,-0.600000
819000,819999,1701265770,1701860767,1000,457,45.700000,423,42.300000,260,26.000000,465,46.500000,481,48.100000,179,195,189,177,89,72,62,37,2.809237028,243.472000000,-0.600000
820000,820999,1701860856,1702472381,1000,433,43.300000,443,44.300000,281,28.100000,475,47.500000,458,45.800000,188,160,179,192,104,73,71,33,2.826297286,216.992000000,2.100000
821000,821999,1702472471,1703018830,1000,418,41.800000,454,45.400000,300,30.000000,487,48.700000,441,44.100000,178,158,205,159,104,73,72,51,2.861833349,183.072000000,1.900000
822000,822999,1703018855,1703575247,1000,443,44.300000,420,42.000000,292,29.200000,457,45.700000,478,47.800000,190,176,168,174,92,85,72,43,2.855140345,186.384000000,-0.800000
823000,823999,1703575455,1704194342,1000,413,41.300000,437,43.700000,311,31.100000,490,49.000000,451,45.100000,162,167,196,164,102,79,89,41,2.869942338,165.536000000,1.900000
824000,824999,1704194835,1704804735,1000,437,43.700000,412,41.200000,265,26.500000,452,45.200000,490,49.000000,191,193,165,186,89,75,65,36,2.814351581,236.944000000,-4.600000
825000,825999,1704805522,1705392457,1000,431,43.100000,426,42.600000,279,27.900000,474,47.400000,469,46.900000,186,181,177,177,85,74,83,37,2.836320450,207.792000000,1.400000
826000,826999,1705392759,1706017285,1000,424,42.400000,435,43.500000,282,28.200000,446,44.600000,446,44.600000,188,201,183,146,97,68,86,31,2.822194861,223.520000000,0.300000
827000,827999,1706017918,1706557041,1000,424,42.400000,440,44.000000,273,27.300000,467,46.700000,460,46.000000,192,175,175,185,90,76,83,24,2.809965383,229.440000000,-0.900000
828000,828999,1706557459,1707112635,1000,454,45.400000,414,41.400000,274,27.400000,472,47.200000,460,46.000000,171,191,201,163,87,79,81,27,2.813893943,230.336000000,0.100000
829000,829999,1707113266,1707674800,1000,415,41.500000,425,42.500000,284,28.400000,491,49.100000,471,47.100000,175,161,189,191,95,78,70,41,2.841884899,203.504000000,1.000000
830000,830999,1707675457,1708264718,1000,444,44.400000,399,39.900000,291,29.100000,468,46.800000,464,46.400000,182,170,182,175,93,87,79,32,2.842712099,194.048000000,0.700000
831000,831999,1708265079,1708879025,1000,427,42.700000,451,45.100000,286,28.600000,446,44.600000,440,44.000000,202,176,172,164,106,70,80,30,2.826839189,213.568000000,-0.500000
832000,832999,1708879379,1709486481,1000,460,46.000000,438,43.800000,308,30.800000,464,46.400000,466,46.600000,163,176,175,178,120,77,76,35,2.854702304,177.472000000,2.200000
833000,833999,1709487544,1710050434,1000,456,45.600000,420,42.000000,300,30.000000,482,48.200000,483,48.300000,174,180,159,187,90,74,94,42,2.861785894,176.816000000,-0.800000
834000,834999,1710050884,1710634067,1000,427,42.700000,427,42.700000,304,30.400000,463,46.300000,484,48.400000,181,172,158,185,105,79,72,48,2.868384454,170.304000000,0.400000
835000,835999,1710634590,1711233109,1000,428,42.800000,428,42.800000,273,27.300000,481,48.100000,477,47.700000,178,174,180,195,91,76,74,32,2.821517245,223.536000000,-3.100000
836000,836999,1711236216,1711824647,1000,454,45.400000,419,41.900000,312,31.200000,463,46.300000,434,43.400000,194,150,175,169,114,79,83,36,2.860174107,173.952000000,3.900000
837000,837999,1711824824,1712423860,1000,429,42.900000,459,45.900000,290,29.000000,448,44.800000,488,48.800000,190,181,154,185,97,84,71,38,2.844449416,198.016000000,-2.200000
838000,838999,1712424339,1713000561,1000,436,43.600000,424,42.400000,270,27.000000,470,47.000000,457,45.700000,179,180,195,176,105,66,64,35,2.813907630,233.152000000,-2.000000
839000,839999,1713000564,1713571533,1000,449,44.900000,413,41.300000,286,28.600000,474,47.400000,472,47.200000,162,188,185,179,101,75,80,30,2.830955559,207.840000000,1.600000
840000,840999,1713571767,1714162839,1000,412,41.200000,450,45.000000,290,29.000000,480,48.000000,471,47.100000,157,183,189,181,105,75,78,32,2.836001279,203.024000000,0.400000
841000,841999,1714162881,1714791892,1000,441,44.100000,433,43.300000,263,26.300000,470,47.000000,487,48.700000,177,194,175,191,91,68,70,34,2.810203827,240.256000000,-2.700000
842000,842999,1714792260,1715427688,1000,421,42.100000,471,47.100000,291,29.100000,458,45.800000,488,48.800000,171,193,162,183,100,78,79,34,2.841939118,197.632000000,2.800000
843000,843999,1715427814,1716041879,1000,431,43.100000,424,42.400000,294,29.400000,456,45.600000,461,46.100000,186,164,167,189,117,77,69,31,2.833076273,203.536000000,0.300000
844000,844999,1716043046,1716599093,1000,400,40.000000,433,43.300000,281,28.100000,474,47.400000,467,46.700000,190,186,167,176,91,59,85,46,2.841122267,205.312000000,-1.300000
845000,845999,1716600744,1717207920,1000,432,43.200000,441,44.100000,283,28.300000,432,43.200000,483,48.300000,166,212,170,169,118,72,63,30,2.812701686,231.504000000,0.200000
846000,846999,1717208568,1717828544,1000,436,43.600000,427,42.700000,320,32.000000,422,42.200000,453,45.300000,188,175,152,165,131,84,76,29,2.850374472,177.056000000,3.700000
847000,847999,1717829440,1718437244,1000,469,46.900000,407,40.700000,276,27.600000,450,45.000000,462,46.200000,197,182,168,177,100,71,73,32,2.821271085,223.040000000,-4.400000
848000,848999,1718437651,1719039955,1000,413,41.300000,410,41.000000,284,28.400000,458,45.800000,448,44.800000,188,168,171,189,124,62,69,29,2.812045505,226.816000000,0.800000
849000,849999,1719040429,1719688529,1000,433,43.300000,438,43.800000,284,28.400000,428,42.800000,451,45.100000,203,183,161,169,110,76,75,23,2.811326395,225.680000000,0.000000
850000,850999,1719689674,1720301209,1000,421,42.100000,453,45.300000,285,28.500000,451,45.100000,468,46.800000,175,178,182,180,111,85,64,25,2.817114812,216.800000000,0.100000
851000,851999,1720302115,1720887938,1000,416,41.600000,452,45.200000,265,26.500000,451,45.100000,456,45.600000,189,188,186,172,106,66,63,30,2.800791753,245.648000000,-2.000000
852000,852999,1720888797,1721455949,1000,449,44.900000,447,44.700000,306,30.600000,451,45.100000,451,45.100000,174,174,181,165,118,83,76,29,2.845720585,183.744000000,4.100000
853000,853999,1721456120,1721980680,1000,426,42.600000,443,44.300000,269,26.900000,467,46.700000,477,47.700000,182,187,184,178,91,73,66,39,2.823953242,224.960000000,-3.700000
854000,854999,1721980720,1722543791,1000,430,43.000000,424,42.400000,303,30.300000,442,44.200000,466,46.600000,173,190,160,174,126,69,75,33,2.840488507,194.048000000,3.400000
855000,855999,1722544444,1723185541,1000,401,40.100000,419,41.900000,313,31.300000,427,42.700000,453,45.300000,184,166,169,168,138,85,56,34,2.840574171,190.064000000,1.000000
856000,856999,1723185665,1723790424,1000,414,41.400000,446,44.600000,284,28.400000,460,46.000000,480,48.000000,174,186,182,174,96,84,68,36,2.837761948,203.712000000,-2.900000
857000,857999,1723790597,1724376524,1000,438,43.800000,443,44.300000,293,29.300000,443,44.300000,454,45.400000,174,194,184,155,111,78,77,27,2.828828282,206.848000000,0.900000
858000,858999,1724377947,1724966932,1000,439,43.900000,459,45.900000,328,32.800000,470,47.000000,452,45.200000,167,155,173,177,127,81,81,39,2.876200177,151.552000000,3.500000
859000,859999,1724967075,1725538632,1000,406,40.600000,437,43.700000,301,30.100000,483,48.300000,478,47.800000,159,181,179,180,101,76,83,41,2.861317452,176.240000000,-2.700000
860000,860999,1725539528,1726140325,1000,448,44.800000,457,45.700000,292,29.200000,485,48.500000,449,44.900000,154,165,217,172,112,84,68,28,2.821750011,220.976000000,-0.900000
861000,861999,1726141481,1726769869,1000,434,43.400000,452,45.200000,311,31.100000,434,43.400000,475,47.500000,164,199,167,159,122,81,72,36,2.854200744,180.736000000,1.900000
862000,862999,1726770408,1727390791,1000,447,44.700000,445,44.500000,341,34.100000,470,47.000000,465,46.500000,152,167,170,170,119,92,94,36,2.888928102,132.400000000,3.000000
863000,863999,1727391428,1727983040,1000,456,45.600000,442,44.200000,312,31.200000,459,45.900000,462,46.200000,171,165,180,172,117,88,70,37,2.861975004,169.216000000,-2.900000
864000,864999,1727983371,1728541002,1000,444,44.400000,450,45.000000,315,31.500000,420,42.000000,461,46.100000,185,184,166,150,118,93,70,34,2.857246768,174.128000000,0.300000
865000,865999,1728541079,1729138926,1000,447,44.700000,435,43.500000,330,33.000000,466,46.600000,467,46.700000,164,169,156,181,120,81,93,36,2.877788488,147.680000000,1.500000
866000,866999,1729139320,1729686632,1000,444,44.400000,480,48.000000,321,32.100000,465,46.500000,445,44.500000,166,176,184,153,122,71,83,45,2.875508372,157.088000000,-0.900000
867000,867999,1729687142,1730245553,1000,414,41.400000,428,42.800000,322,32.200000,447,44.700000,456,45.600000,156,182,180,160,130,85,78,29,2.853951994,172.080000000,0.100000
868000,868999,1730246720,1730824552,1000,435,43.500000,455,45.500000,294,29.400000,459,45.900000,484,48.400000,168,185,174,179,114,74,60,46,2.848947899,191.632000000,-2.800000
869000,869999,1730824735,1731419720,1000,438,43.800000,415,41.500000,349,34.900000,497,49.700000,468,46.800000,135,154,186,176,122,92,89,46,2.900043768,127.184000000,5.500000
870000,870999,1731419746,1732004116,1000,407,40.700000,464,46.400000,313,31.300000,458,45.800000,471,47.100000,162,183,161,181,134,63,72,44,2.855731613,179.680000000,-3.600000
871000,871999,1732004935,1732584571,1000,435,43.500000,447,44.700000,318,31.800000,464,46.400000,458,45.800000,179,167,172,164,112,78,79,49,2.883341991,149.440000000,0.500000
872000,872999,1732585265,1733196907,1000,437,43.700000,453,45.300000,324,32.400000,448,44.800000,471,47.100000,162,183,171,160,117,90,79,38,2.875874863,152.384000000,0.600000
873000,873999,1733196948,1733774260,1000,453,45.300000,449,44.900000,329,32.900000,460,46.000000,453,45.300000,182,148,163,178,126,84,76,43,2.879579513,150.704000000,0.500000
874000,874999,1733774697,1734351100,1000,449,44.900000,443,44.300000,319,31.900000,429,42.900000,481,48.100000,166,198,149,168,130,77,74,38,2.858978518,175.472000000,-1.000000
875000,875999,1734351798,1734938550,1000,413,41.300000,430,43.000000,327,32.700000,467,46.700000,499,49.900000,147,189,152,185,118,79,84,46,2.881989007,151.968000000,0.800000
876000,876999,1734938877,1735536577,1000,469,46.900000,433,43.300000,332,33.200000,441,44.100000,463,46.300000,178,171,148,171,129,81,82,40,2.879026521,148.768000000,0.500000
877000,877999,1735536681,1736113885,1000,441,44.100000,467,46.700000,329,32.900000,470,47.000000,474,47.400000,167,158,159,187,123,82,77,47,2.885833868,144.752000000,-0.300000
878000,878999,1736115231,1736721804,1000,441,44.100000,452,45.200000,324,32.400000,464,46.400000,434,43.400000,183,152,183,158,122,79,78,45,2.878412407,154.240000000,-0.500000
879000,879999,1736721931,1737337220,1000,468,46.800000,452,45.200000,342,34.200000,472,47.200000,474,47.400000,167,138,164,189,129,94,66,53,2.892737482,137.536000000,1.800000
880000,880999,1737337343,1737950952,1000,432,43.200000,439,43.900000,338,33.800000,445,44.500000,452,45.200000,188,168,150,156,128,71,82,57,2.896340663,134.416000000,-0.400000
881000,881999,1737951054,1738512938,1000,429,42.900000,460,46.000000,338,33.800000,468,46.800000,454,45.400000,166,164,167,165,120,82,93,43,2.894750138,129.504000000,0.000000
882000,882999,1738513253,1739090467,1000,446,44.600000,445,44.500000,330,33.000000,461,46.100000,458,45.800000,161,181,163,165,119,78,99,34,2.874723978,149.424000000,-0.800000
883000,883999,1739090794,1739684105,1000,471,47.100000,454,45.400000,311,31.100000,447,44.700000,462,46.200000,192,183,166,148,100,78,80,53,2.878861747,160.848000000,-1.900000
884000,884999,1739684144,1740330241,1000,465,46.500000,460,46.000000,304,30.400000,457,45.700000,469,46.900000,168,189,176,163,116,70,71,47,2.861635157,176.768000000,-0.700000
885000,885999,1740330498,1740912327,1000,451,45.100000,439,43.900000,346,34.600000,459,45.900000,452,45.200000,153,175,176,150,125,88,94,39,2.892844175,129.888000000,4.200000
886000,886999,1740912328,1741509557,1000,459,45.900000,443,44.300000,368,36.800000,469,46.900000,438,43.800000,154,153,164,161,141,83,103,41,2.905228471,112.016000000,2.200000
887000,887999,1741510066,1742098863,1000,437,43.700000,460,46.000000,302,30.200000,485,48.500000,465,46.500000,163,171,189,175,104,77,79,42,2.862398748,175.248000000,-6.600000
888000,888999,1742099708,1742695000,1000,430,43.000000,448,44.800000,324,32.400000,475,47.500000,491,49.100000,167,152,174,183,100,106,68,50,2.886889977,144.944000000,2.200000
889000,889999,1742695608,1743268544,1000,412,41.200000,436,43.600000,336,33.600000,466,46.600000,441,44.100000,153,158,203,150,138,85,65,48,2.875713879,159.040000000,1.200000
890000,890999,1743269341,1743829272,1000,461,46.100000,454,45.400000,341,34.100000,491,49.100000,450,45.000000,150,172,188,149,121,66,91,63,2.903334719,127.008000000,0.500000
891000,891999,1743829421,1744418609,1000,450,45.000000,448,44.800000,312,31.200000,431,43.100000,452,45.200000,191,181,163,153,120,77,74,41,2.862271628,173.648000000,-2.900000
892000,892999,1744419898,1744992508,1000,470,47.000000,461,46.100000,342,34.200000,478,47.800000,450,45.000000,165,158,173,162,129,70,83,60,2.904057542,123.136000000,3.000000
893000,893999,1744992695,1745632470,1000,449,44.900000,476,47.600000,371,37.100000,448,44.800000,473,47.300000,161,175,143,150,131,85,92,63,2.930447340,90.512000000,2.900000
894000,894999,1745633404,1746253653,1000,448,44.800000,436,43.600000,341,34.100000,446,44.600000,461,46.100000,168,178,175,138,131,77,65,68,2.898933729,132.128000000,-3.000000
895000,895999,1746254974,1746818846,1000,473,47.300000,479,47.900000,339,33.900000,485,48.500000,495,49.500000,145,180,162,174,110,80,88,61,2.910127264,119.280000000,-0.200000
896000,896999,1746820212,1747420858,1000,484,48.400000,457,45.700000,351,35.100000,459,45.900000,489,48.900000,162,170,150,167,125,84,74,68,2.918605983,106.512000000,1.200000
897000,897999,1747422787,1748004053,1000,447,44.700000,481,48.100000,348,34.800000,487,48.700000,433,43.300000,159,156,174,163,133,65,101,49,2.896191677,127.824000000,-0.300000
898000,898999,1748004494,1748574677,1000,454,45.400000,458,45.800000,345,34.500000,435,43.500000,454,45.400000,170,180,158,147,126,89,92,38,2.890238584,132.624000000,-0.300000
899000,899999,1748574769,1749188189,1000,460,46.000000,457,45.700000,380,38.000000,463,46.300000,461,46.100000,143,174,159,144,137,83,100,60,2.931275202,88.000000000,3.500000
